{
    "model": "xgboost",
    "best_roc_auc_cv": 0.9196935340429683,
    "params": {
        "n_estimators": 1172,
        "max_depth": 7,
        "learning_rate": 0.10043681293571805,
        "subsample": 0.9167563544876365,
        "colsample_bytree": 0.9557411554428928,
        "min_child_weight": 1,
        "gamma": 0.5748407487203464,
        "reg_alpha": 6.5681329869256e-08,
        "reg_lambda": 0.013564272974185153
    }
}