model;accuracy_mean;accuracy_std;balanced_accuracy_mean;balanced_accuracy_std;precision_mean;precision_std;recall_mean;recall_std;f1_mean;f1_std;roc_auc_mean;roc_auc_std
hist_gradient_boosting;0.8293365134299133;0.002974163707857995;0.8297965696475312;0.0027422617378391806;0.8568736417191584;0.0030439174170654687;0.8247020834897313;0.006877246600622983;0.8404582427061662;0.0033152626588713826;0.9111329210490566;0.0021759228233012087
xgboost;0.8275494821315096;0.002848611287498262;0.8279287581466332;0.0027153776933479855;0.8546775964874994;0.0031038179808688666;0.8237272499338836;0.0058528799474949185;0.838900931210191;0.003035686856879992;0.9092400829240717;0.002305877657507793
gradient_boosting;0.8168030085250271;0.0039236610376362675;0.8166305441565562;0.003985723708050004;0.8411561670245693;0.0049328546189685695;0.8185440546477526;0.005843274672948775;0.8296773129026656;0.0037424055359407643;0.8991693132903595;0.0030109341238515434
bagging;0.8104274948098837;0.005015068917205394;0.8100617082609354;0.004771231522231673;0.8341434309636371;0.003550973375257721;0.8141138164470227;0.008367524043403915;0.8239885155322403;0.00525087690320858;0.8936531660469186;0.0029413792353731156
random_forest;0.8071431852113378;0.005128653208618219;0.8070845106658485;0.004979376463155889;0.8333431920725408;0.003591986497510898;0.8077345391794497;0.006711742002720954;0.8203349802964572;0.00514421540319096;0.8897268375531826;0.0029339432534799988
extra_trees;0.7694219296311481;0.0043124239149999475;0.7665619987679727;0.004405899823720826;0.7829994130397918;0.004306208035720551;0.7982543591464675;0.003725980658109812;0.7905511343938025;0.003817696313780241;0.8435106536235967;0.0033514303531272244
adaboost;0.7655341985728816;0.010400157923905933;0.7664200008795065;0.0070024597080748634;0.8033710328503487;0.016312071485072407;0.7565640451191347;0.04676141585499187;0.7779237671965683;0.01931451650424524;0.8403787367067539;0.003946620690761972
logistic_regression;0.6983520318272503;0.029902496799984545;0.7005575783463878;0.0308598273561767;0.7471664995413159;0.03498490864436317;0.6761188201981188;0.02051625007831145;0.7098131481230502;0.026902493164553492;0.7913314078502699;0.02152790446928824
decision_tree;0.7722716782621621;0.0023536401460003513;0.7700501568292084;0.002189711623454983;0.789080215338508;0.0020466648625280747;0.7946657599269112;0.005221456234173002;0.7918523207737338;0.0026651291898585642;0.7700501568292084;0.0021897116234550437
