target;count;proportion
1;22573;0.5451230408848318
0;18836;0.4548769591151682
